Model,Accuracy,F1-score,Precision,Inference Time (ms),Model Size (MB)
BERT,0.49666666666666665,0.025806451612903226,0.4,519.7208587328594,417.64746856689453
DistilBERT,0.5066666666666667,0.02631578947368421,1.0,246.06414477030435,255.41309356689453
ALBERT,0.48333333333333334,0.6453089244851259,0.4912891986062718,550.5288871129353,44.57520294189453
ELECTRA,0.49666666666666665,0.6544622425629291,0.49825783972125437,494.411416053772,417.64746856689453
RoBERTa,0.49,0.23115577889447236,0.46938775510204084,495.3411595026652,475.49121856689453
